e,te_auc,te_ap,va_auc,va_ap
14,0.6338351160374245,0.009638228374781623,0.6340303671058989,0.6721595294971995
27,0.6616622381767842,0.00960344458786795,0.6953341592911477,0.7160529324021971
40,0.6401950478636856,0.00914005223274349,0.7424978808247258,0.7525264030604479
