e,te_auc,te_ap,va_auc,va_ap
14,0.6957028414539671,0.0036373867798829337,0.6963700943893144,0.6544074954331498
