e,te_auc,te_ap,va_auc,va_ap
0,0.30628269559366333,0.49386159270800856,0.4463960140020046,0.01157350972212084
