e,te_auc,te_ap,va_auc,va_ap
133,0.7380942032922257,0.008671480844498007,0.8167021809398423,0.8427635542627367
