e,tokens,te_auc,te_ap,va_auc,va_ap
501,37793594,0.8252757501007216,0.840572492263355,0.8681488066394377,0.9138249702244317
1001,75519611,0.7498578952935879,0.7365607687955814,0.8085301774714755,0.8791104771145727
