e,tokens,te_auc,te_ap,va_auc,va_ap
214,2979493,0.6225227559800659,0.012035869259985687,0.6863000757388096,0.7183799728677238
428,5974056,0.9437584685806548,0.044042282102307116,0.9771389243709772,0.9675301891140671
